author,title,url
CBS News,Philadelphia travelers strategically beat Labor Day Weekend rush amid record summer travel - CBS News,https://news.google.com/rss/articles/CBMikAFBVV95cUxNblJxcmNHZ2RpRU42OU4yNUtrTzVtWER5ZjBVZXdaUEp6N0R2cmFrRW84NlhJcXFacUFhUFNQRFgxeDdlQ0NPOV9zV3dqLVVEZmtQVkh5aU1mYmFSZlo0Sy0xOTVQTDRjZ05Va05BOXppd0RxVjZUaEdaYU9ZdHFONGsyVU5kdHlUZ2dGbXUwMVrSAZYBQVVfeXFMTTJJVTRTSGdCS3ZUY01jLXRNek03ZEpjM21oTlpOYW1JWmV5a0x1QWgtY1o0YXViQnZ4eHpMNWsyenotQWtobWhnMk0tR1VDbWpSY3BDZDU1MzNxdnVGNEh2R2dlREFncWIyTV9kSnZTVjlwRk9HT0tWV0V0OHVMeU84dG5uR1dlOFQzZVZCSm5adXFBd2pR?oc=5
CNET,The 24 Best Labor Day 2024 Mattress Sales - CNET,https://news.google.com/rss/articles/CBMid0FVX3lxTE9CSGxfUkhKeko5cTRHUHl2bWw2SHZBUnJNakp5RWlCTWJjc2dSZkZTV1FKM1RoS2R5SlprSGZrUVRxaktjZ3M3d3dOMldTUkxYZmtvV2txM2p1cWJoQnVpOC1NM3NVVk44MEdKTVd2b1hTeTlYdzBz?oc=5
AppleInsider,AirTags key to discovery of Houston's plastic recycling deception - AppleInsider,https://news.google.com/rss/articles/CBMiqwFBVV95cUxOZ2pQazNocW5SVjJYbzFld0NVZ3JvU2l1V0hoY0ljV0xtTkQzeGVla3g1VGoxcnVETTN2cjVrWE1VM1dDSlM5YlpZSEY5TTN1Z25UV2RfZ2VuU2h4QmVFWXMzaFNRM09VX0NlTG94VktXVlhCWklQcEljOGxiUXRhSW02UUZ6SHJQaVJ3UFdycGxBNF9rNzM0YVhjMEREenBNVUlLSEJBd1hYTUnSAbIBQVVfeXFMUDFnUGhrcElzRmM5UmdOc1RVOHEtY2JsQ0M2d2hiVVF0TUllMEtNZmNNQk9DMXFmbGRrdHkwX0tLV2F1MnQxeDdlSkhBTjZkUUJud3BzanFzMGNNcV8zR2sxY0w3Z3l4R2dfaGJDWkhWbkdsSEpTbGNRNmd3czFRVlc5RzdpRVhRb2tnLWVLNEY0NGhPNG9pWkdZRUs1M1hYbUdFQ0JDY1A4NTV0aFZvaUdtdw?oc=5
TechCrunch,Bolt reportedly threatens legal action against Silverbear Capital - TechCrunch,https://news.google.com/rss/articles/CBMiogFBVV95cUxNckRJZnN3Y0Y3MVU4NjdSOTVTSm1aWjZnQWpOdTNxLUlTWWNYY2k0bEhpd3VyaFVOUTA4N0k1Q0pkeWtiWllBeUxicjA5b0FNYXZvVGpZdVFOeWVyVjlLNHNydEJHb2VtS28xMkphdlF4dkl3eWVScmFsODNfNjFVTDUzdXluVW9vSElsVmp3N0ZYdVdIQmJPQktRNTVCdTN0dUE?oc=5
PBS NewsHour,Why carbon monoxide poisoning is on the rise as extreme weather causes more power outages - PBS NewsHour,https://news.google.com/rss/articles/CBMiwAFBVV95cUxOLTNxcHN1aXRGWF8xTjE2VFBETmk0UXlpQ2NTTEIxWkpXdzI1UmRuMnlTSkUzMU1GT1hYNkp6VTUzUXpWbF9fOVV2QWtTOEp5X0djNEpOd2pOUk1PN2hQb1A0S3JxMjFKR0dqMFRYMWVtZHhWd3hOT0JpOFg3MkpEYlF4cktEU3ZQOXNqejd2blhRQkljak5BeVhsMlJ3NDhRSVVHWVVwbmx3QjYtZlFTdWVhM0hYOE9VZVozX3ltZ3nSAcYBQVVfeXFMT3pDbHNtUVpMTnlITHVUQjFPU092cW9OV0ZDR01PMGRlSXE4NVdRLVNoV2tjNlVHM0ltQTdmT1hfLTJEelJSLXJQZ0ZzYTAyclhEU3d6R3kyT2trekdPckZ0SEhjUGpTVGk4cmhnTGNuanZTTzRLaE9WQlN5blR2Q3R2TUFaRlFvYXBzaFJJSXVZYlpuM2d3NmszWUtMS3NSNkszbGV5MEZEMG1XNUhrZlBDNmVzcXQ2ck5WYjhLWjNVdG1XSDhR?oc=5
Fox Business,Lake house once owned by Titanic survivor goes up for sale - Fox Business,https://news.google.com/rss/articles/CBMiogFBVV95cUxNVWN6eWVKM0hLNVdzUEFqYjZYSEtMZ2VRa1RLS3dkUDFOSmhxbzVfRkFsZWNMR3Q3dHZUTXVLZ1RGb1F1eklqY2hJZ0F1VldqYnZEZWQ0TGpyTmJvYlh1SDktTWZNbkdZbDAzaDV5VVZraDBfMHp5SWM2UG4yNWlOYzNvVUF5SUxwSGJCeGtyazRBVEE2NE5ZdkRzRnVHRzhYcHfSAacBQVVfeXFMTXdHaV94QjlwMFhSR2M5bVFKSEF0R1BmbUc1R3JjWEY0aVBZVTBpMVJkcXlGWnk2SWVZajRHTzhBSDZHTlJ3LVpOSE5Od2xBVXd1Z21FeFBTS2VFbGtCYkxEdWdIZHJhZU9GTzlFYzc2VDNmMTNzRllKaVpUZXB6Q0d1N3hXakRZRWFkVzdRTmpNQ3FOR2lKamp1QW1HaEhacldkOTdzZ0E?oc=5
The Motley Fool,2 No-Brainer Growth Stocks to Buy With $200 Right Now - The Motley Fool,https://news.google.com/rss/articles/CBMimAFBVV95cUxNdEx6ZFN1UWJHSnlhLV9iVDFfekE4VkgxeFBMd0JHZExRdHNJbkY2R0NHM0F1dW9EMzFmV2ZkbVhCNENSTGYyaXNKbE84dlQ0cXFObGxsVVZnLWk3TGxsWkZxWWlYTVJLdGhNanBVbzZNMlJlU25RQkR6SkFaOVpEMkp2RzVBRUJkQXVwTHE0SGNyLUNJQnBIaw?oc=5
Fox Business,"Boar's Head plant had dozens of violations, dubbed 'listeria factory' by lawyer - Fox Business",https://news.google.com/rss/articles/CBMipgFBVV95cUxPSXVFaUtRTnZrcXJmaFFyTmVIdVNhQ0drT1F2ZTBUYzNfSXdIZGc2eVJDa0ZkY1RQRnZBWmxldVZwN1Nic09UUEQ5Wm9uWXRvbTJmUDlMSXpyMi0xRThudHAzVHVrQ2w3NnlwWmxrS2dmQ2lpOEpGdFpCeVJfRld0cEZrVVd4VmozYldVZXBSM3prQUVlX1ZYTXBEZlltc0NKZ1Rjb2F30gGrAUFVX3lxTE5JMWdFYkM4ZERyaGowbHl4RFpYbGpVc0g3RzFwSm80RWZlWEp4M19FelZxUXh5eEFzVUpLN0U0Tzh3ZE1DVktYa0c5UzItby1NVVhnZmRRUWFfNVVra3FnUUVxek8yRlBwamxOZjdCbVdDQUZaTjFZNzV4Sl9tYWwzRk5jbnpteEtoMXJYMXZSbzUtQ0dUaV9wVDY4VV9FemhNQV9uUk5VZnUySQ?oc=5
Yahoo Finance,13 States That Don’t Tax Pension Income in the US - Yahoo Finance,https://news.google.com/rss/articles/CBMic0FVX3lxTE1KMmNfY21xWkh6VFBFVUlzNm9lWlVUVGNhcHJmOGJWV0RQQ19hVkIyOVdScWIzVVhQN2FKU2xvQTNadHJZNWdXSG84d09PYm53SF9JQzlaTHNIUnNlMnBVUzRVblBDVnB4X2JCb1A5OE01TE0?oc=5
Bloomberg,Landlords Face a $1.5 Trillion Commercial Real Estate Maturity Wall - Bloomberg,https://news.google.com/rss/articles/CBMiuAFBVV95cUxOc0VrZ3dqM2hENDFXeVdhb0pSNU53OWdPSFZ4aWtiZXJfcW1ianAxRGdPcU5XSUtkQVVXNHFWRlJDRGUzYzFoSzRwNmlOakhhUFhkOTVDLWVtTDZPUjVPdWhQUlJaX3NjejgybXdfVDR2dkVyUUtfM0NrR0lfMWVmWTVmV2JYc1ZmMDlxVm1MSGJFTlhKSU1vRGtNc1hTeDRXN21GNmZhN2NNRW1Ta0pmQUJYSEVGRTBi?oc=5
The Independent,Moms for Liberty crowd laughs as Trump mockingly impersonates ally Elon Musk - The Independent,https://news.google.com/rss/articles/CBMirAFBVV95cUxOV09PLVk4dE9OZE5lMGRLUVJfRDZHT01rQ09WSzgtUFR6R0p3T0czNk1LclhLOFNfNWxTWGwyREhvZHhLelJURkNOMEdTeHpwZlVlNEpQVGhhU2dkWTBtRms1U25VZGdSSkgzdXJXdDl6RS1lcVRkc1lxOEVVdUJILVgzdnlfLUlnelE0M2NkQnJUTkdKcWo3Ml91endsNDl4Nk5Ha0QwZWRyaEY2?oc=5
Newser,Rideshare Drivers Strike Airport - Newser,https://news.google.com/rss/articles/CBMiiwFBVV95cUxPVW11X1U5ZDNjOEU1amZhR213LTRUaW9TSm1zXzNibE9Xd0FsWjZnN1BRem04NVA5aVlCNWR2ZEg0dWNKaHdFaWlxWFpxUnk1QVk4aHhMXzFBUzYxeFEzSUp5V0FxM0VoWmdtVC1qb045ckctVDhtY1E1ZGIteE5FTGlGcUh0MXJzNDFz?oc=5
TheStreet,Nvidia isn't the only tech titan targeting OpenAI deal - TheStreet,https://news.google.com/rss/articles/CBMilAFBVV95cUxPOWFQejZIMzJ5b2hOZHRzczJyVnB5NDRtVlhXZVZlQVNSRmo3N1ZibllNMGtlRk9KcTN6NlVmQVBOeEVjMlhyTGhGRzRwWEtWaTJEWDZzOG9XWTA2SFZJbHJCWlZKVFpVQnNpN1NaclNjSEI1ZXA0OGJWaFR3d1V5ckJMOV93VEo2TXVEMlpNQU1vVmxB?oc=5
Barron's,How Fast Will Your Savings Account’s Interest Rate Drop After Fed Rate Cuts? - Barron's,https://news.google.com/rss/articles/CBMinwFBVV95cUxQTFp6V2Q3RTJpeTctMjBGU2FETHc5a2RycU9ySDc2U1I4Y1VKb29VbElTN2YxUDJLS0tIM2NqVVZnWUM5dUdMNHoyV2FGRzIwcFdreFJQVnpBTTdyWkpYTmJSOGdqWWFYUjBHMG5TSkNzMGhsS19ySk9tRjRuek03TkIyY2dOdmYxeHpqR21oR2J2V2JJZ0FPLXJTVEh4a28?oc=5
Axios,Costco membership fee increase starts Sept. 1 for new members and renewals - Axios,https://news.google.com/rss/articles/CBMiiwFBVV95cUxNUi1McE0teHB0STRDRGY0ekdDeDFIelg4SFpMSjgyWGVIZ053MG93ckk3R2NuZ1lTMWpzTGhuM2JNckhXNms2R3AtTlZ1N1RMbi1SVy1KTDFLQXFWSHVodEFQWnA1RDRaLVo4Q3VVRV9MaFJFd1dSYWRyckVTZi1ZdXVXalVIbVp6S1FR?oc=5
CNN,More people than ever are eating alone at restaurants. This is why - CNN,https://news.google.com/rss/articles/CBMikAFBVV95cUxNbHpjWXB1TUV4Q1FHOXhJRzZ0VXJNbi00amt3TFRMT0w4Q0xfRWo3Qk1zemdRUUtGM1E3TVJBN2ZBWjRDMEpyS29FZnpyLUZSQlJHTWFlelNsN1gxU29fMXZaTTlSU2RidGxqVUZsYW9ucmRCell3RzdYbkhSMkx3cjJxcWZUVjE4RWc4Z2dMYnrSAYcBQVVfeXFMTWN0TmZYa1Q5Y3pYdUJ5NHh5X2duM2prOGE5TFJoeGF4ZklXWFdjUHpqc0d3RjlIOGktQnJ1VDZBTFZvN2NMQ0N6OW00OHFvRVMwdE9EZjVtODZqTmhuNXBVdDQ4MzdmRGQyRk9JdjZ1ZTZEbXI1cmRLZ3dBYWhNcmxTQUVnVmtN?oc=5
New York Post ,"Soaring sausage sales could indicate economic turmoil as consumers turn away from costlier meats, expert reveals - New York Post ",https://news.google.com/rss/articles/CBMi5gFBVV95cUxNNmRWOUQtYkduUHB1TEdMVHhYd2QxX2dORlZET1o0eUNtbDg2RW9MUmdfcGFweVhPNmhFeXlTeHdFSFdoSXdhVEJGR25mU0VrQVM2QUZJT2hWY1ZaOTVEeWJlS3ZXWDBfNEFWc2tzT01WaFZCRk11MlB0cVBRc1ZTeG4yY0w3QlNFSG01YWxmeHhTLVNyVjVUTWFPbkpTd0NkR1Y2ZXBsQWM2V01DSlBZVkVIWWVIZzRpRk9OeWdUcTRSeVJwbUpsSEYyU3JzUFJiSUV2UjdtNDBGR2lETWFhbC1ud0ZSdw?oc=5
The Motley Fool,The Smartest High-Yield Dividend ETF to Buy With $500 Right Now - The Motley Fool,https://news.google.com/rss/articles/CBMilgFBVV95cUxORFRnRzM2bUl4S1piSlRRTFhEMDE0RHB3ZU9DN1p2cnJSZXN6THd4OXphMTVzVEFxdmpEcWQyRXpQVTdiemZCaWYwR2Vldk5wZzh4ZnZRYUZfYklhelJJU3J4aTVNcmxfQlRaajZNSUZVd3lIM1ZLalV2U0gzRDZDeDFXUkJYUlFNY0pyWi16TEFObkVReVE?oc=5
CBS News,Mega Millions jackpot soars to $681 million after 25th drawing with no winner - CBS News,https://news.google.com/rss/articles/CBMigAFBVV95cUxPcldscHNKNS04SmkwVzZES0NJYW11T0VSQTJWTjZVWHNBQ1F3T2drUklBNXlHWEhIeGZCWEpldjhBOTRxVGlrN2V0UldnUjlBX2pHX194SzQyVWJmTTRQN3lycldGVmgwSWZObk1mZElxN3g3RXBIR0Q4R3J5X3g1bNIBhgFBVV95cUxQUlJ1TlpTaC1tWkVacWhrZHZfbXBTQnNteWR0VDcyeDRZT1A3ekF2MmNPZDNRc1FCMGxEcG1EN0lLdnA4YnlGMF9pSjJHc25qWXdEZFRLOFBSeTNIQ1VyRWoxaV9rcnVqX1ZXem5ab2x4YW9ockpoZlc2X3F0WDIzcTJvYUkwUQ?oc=5
Yahoo Finance,A slew of retail names this week offered repeat warnings about 'cash-strapped' US consumers - Yahoo Finance,https://news.google.com/rss/articles/CBMi0AFBVV95cUxOWU5XQUR5YUtuck5PaUx0OFFIbXBkalM0bmNPUm1TV1VkT1cwaFJyWUNlazJlVmF3Y0NTWkhqUzQtYlN2cmVIOHpQd1VHY054YTBtRzY4a3VTWEV0TFJBc0pudzluckFTTHlaS08yTHpjR2hteDVycXQxWEpKYXVIUnQ5SDFKeXdjN0RyWFpVRmFKUnltN2JIRlNDa29ub0R6X1ZMT0RTb1VQUUJfSjhXSE5VWVczWXBWbUlhdjZuUllXUEY0WFZKc3U5TjdTS2ZO?oc=5
CNN,"Wells Fargo employee found dead at her desk days after she last clocked into work, authorities say - CNN",https://news.google.com/rss/articles/CBMihAFBVV95cUxNZDJZUm4zMXNBdzc2LXlSWFJQX1JmakJ6SVRtYXFlVndrcG9IbGsxSUd2QTZRQjBLZlBBNEF3OGdsa1VfTGdhZWt2aEdocTNCYWcwa3FXeUdLWTROMWZUQW1hTkpCMWgybkg1MF80cEJIRTVnZnRhcjdWUWF6UC1KVUQzNV_SAXtBVV95cUxOYlNydDlEdTFZXzBuc1dIcVNfT1Vla0lSQkNpTm1JTGxONVJYeDk1a1lyelhXam80aGxZVnlUeW9CYmo4aFpwOEFZVkUzOU4xTWczZGpuSUMwVXVzWng4b0R0QXlGZkF1RE41Mkp2bHRmeXVBRVM0UHpUMDQ?oc=5
CNBC,"The top 10 cities Americans earning $150,000 and up moved to in 2023—only 2 are in Florida - CNBC",https://news.google.com/rss/articles/CBMihAFBVV95cUxNQW1iaWhzeXozM0hWYjU2NHJvVVFEY2FESThNLWRaR0ZhOWpOb1VNTmtSWWVvdEVrbUx3allEY21NdVM0S2NLUnZxREJTams1ZjM5TUN0RDBmck9RRzRPekpIZk1rYXQ2bm1GeGFpSzQxN3U3Ym55bUNXTEJyVWxCVXY4ajbSAYoBQVVfeXFMTzBuM0VqOUV6bzV5dWw0X1BrTWZZdVlZamdLM3I4eU9UN1o2MXJuTXpDLW5VWTJSZXpFWjB2cFZjZUIzeE5ldGRUcGtpdmVXSDIxcnZsdllNZHo3WGtRQXc2enhXX1VTV3QtSnBrQjBJclZFcDhpTVl4MmhlZk9IbnpmRW5GR042dW9B?oc=5
Yahoo Finance,"Ford to recall 90,736 vehicles over engine valve issue, US regulators say - Yahoo Finance",https://news.google.com/rss/articles/CBMifkFVX3lxTE0xVTBOWnlYeHBBUElCWUhsQjVaOFc0dEM3cUJsXzRBcV90emhqZHdnV3JKTlN4M1c2ZVJ3dS1qcXNiSFRFNkJldU5OUUFQVkRJR0ttNTczVldKWWo5MnRYRzVWRHRsbDBPOUtxemZ2emd4V3ZDM0NlakRLdXV6Zw?oc=5
The Motley Fool,Why Super Micro Computer Stock Crashed 28.6% This Week - The Motley Fool,https://news.google.com/rss/articles/CBMilgFBVV95cUxNdlNOUjZmNWQxVFdFRmNZYVNONjFIQjZWejYwVW9GdnprTzI1RWFlUG1uaE5iQVNtSlhUYXRkWnJ2VmNTb1hYb1ZpNVl1UlBiTDZBV1ZuV1pndjRvMXpXem5GX2VtZFhmYVhqaDFRYmxpbXhyRnhtY1hWcDg0QldIYm1pM1VpWkt0TXhfRl81dXVoRk1PY1E?oc=5
Forbes,FBI Issues Urgent Ransomware Attack Warning—Do These 3 Things Now - Forbes,https://news.google.com/rss/articles/CBMiugFBVV95cUxPTFVaV183SUQ2TUFtenpIUGxVMXV4XzIwX0tYQ3B2Q18wcXRQelY0REs4bzRtX2plT2V6TGNoY0wwSjM1R1NXZ0hfX2k5ZHNqbmxpTW9GVW5YaHFVNnJiS2NFTDhDa1Q0SlN2UjRPZFB6VEhvd0ZCYnVnbklWOHBxMHQtd01MbUQ3Qlh1VGZnRHBnV3BlR0RZd2tTMGJfRW9ac0FYTjlaQWVMVHRaWWg2OEkwOGJPOE8zbkE?oc=5
Axios,Meet the boomers who are leaving their big homes - Axios,https://news.google.com/rss/articles/CBMidEFVX3lxTE9xdUZfX2FGUks4VEpPT1FMbXdpMlg2amlJRWp1Z1cyRlZ2dkxEa2xvaHo3ZHVIOVV2NXlreWJXWlgzOEt2enBET2FzQjc2d0xwQnV1UXRzWTFYaDduSVhiN1FTZE1uSXk5d1MxZmM3ZTJCY1VN?oc=5
Business Insider,"I moved from California to Texas but only stayed 4 months. Texas isn't much cheaper, and everyone was politics-obsessed. - Business Insider",https://news.google.com/rss/articles/CBMiiwFBVV95cUxOcGtCNkNPemNRTVI4NHFTeVhCcy1Cb25veHd3ZjlMUmNnSTI1MFBrZ2xnVjZSX0Y0SHpsR1pMaFFjdHdSSlhWYmU3djFfa0pqLXZ0dnIwT1dsOWJJbWhlaWdwRDJSUXZZdEd4YmdSMHNOR0NLY21qR1FtdDh6OU43ZVJfSTlINUJQYzhB?oc=5
The Boston Globe,Why is Lifespan buying hospitals in Massachusetts instead of saving two in Rhode Island? - The Boston Globe,https://news.google.com/rss/articles/CBMiuAFBVV95cUxNTnQ1OFNRaGZqSERRMTNLQVU3VHVXdmI3NmVibDFFZWRUZTkxRGo3djgzaU1zMmxCOXZLaWpHV2NSVXVrRm51MW4tWVJWNVNKZTdTd1QtdEpnR25mSE54aVhfN0k4cl9oUy1FM1JIT1dhTW4wTGFSSnJRakZ6NXRRVHpyUlppeXBodGpfR1hsMFVxNUtjcWhOQlkxSzU3Y0E5aGo3ZlVONEo0aHZ5Q1JQWDdFR09oUHNr?oc=5
USA TODAY,"Are grocery stores open Labor Day 2024? Hours and details for Costco, Kroger, Publix, Aldi, more - USA TODAY",https://news.google.com/rss/articles/CBMingFBVV95cUxPYmdYVEZ5bnNNZHRrZTZmZXBZdTE3VzZZTnZ6aDBwY2ZnV3hXb2l4b19RRkRVeWNVUXZ5NkJqVGtMZ2JVUXRtYnBoc2xKTndEMWtHc3BwS0hmaGdueTdHakFld2RFYXBMU1Rmd2FRY1lvT0FEN2xDc0hldHlTXzZNRHlxV043SHI4RkpkMlJaVVQwTk1KZnY5cFVuSUpkZw?oc=5
The Motley Fool,"This Warren Buffett Stock Just Joined Apple, Microsoft, and Nvidia in the $1 Trillion Club - The Motley Fool",https://news.google.com/rss/articles/CBMilwFBVV95cUxOVGVVeXFyUGpDVExSZnFIbDNpVEFnZndxdmR0a0ExQVhYNkdhTm9WbFNSWlJvWHVHeC1zOTFrYXBLQjBTSGNKaGZONl9CMFAtU281WHQwVFJqUWZfYXJoSHZmQXpsbzdrM3ZueDhLTUgtaXo1UkphT3YyQkdPRW9PNmpud1dOVC1uRVRxaWR5X1BjSXRtRFFn?oc=5
